who,region,hex_id,hex_reverse_path,emit_dnslink,dnslink_cid,target_ipfs_server,comment
jimpick.com,as7q,ssrgdfv3,6.5.6.2.6.0.6.4.0.37,true,Qmegz7qn6ZCHTTu5RfJmjocGSsfRJ3KVg8ubH4GzFPop7G,15.235.47.12,"Photos - Okinawa"
jimpick.com,ai,6l22glmvqj2a,4.6.1.1.0.3.5.4.5.5.4.1.2.3.5.23,true,QmeqPJcvEJNcEPahPHGadz7Z1dGqFBxQwHdxhic1dz7x88,15.235.47.12,"Encoded Hexagon Lookup Tool"
jimpick.com,axpq,uxirkffr,3.4.5.4.2.4.2.1.2.4.46,true,QmZudTAw9jM4VhVdsKbmgs9GoMJ8sGaKmVASb5PqSGD2Qh,15.235.47.12,"Welcome to Hex.Camp HackMD"
jimpick.com,gkgy6,skgyeut3,6.3.2.2.1.1.0.3.3.20,true,QmcNzxrQE16gRzziiUNEwiYyFpwMwUVNbu2UDkEciQZdtx,15.235.47.12,"Hex.Camp Landing Page"
jimpick.com,ikgrw,ykgrv5aexe,4.3.1.1.0.4.6.3.5.1.2.3.20,true,QmQ1n9vLxVKAFvKs93vy9rbWsJwA2cfBws6aUio3rRWA3E,15.235.47.12,"Photos - Portage Inlet Park"
jimpick.com,ikgrw,2kgrv5ga2i,3.1.5.1.0.6.4.6.3.5.1.2.3.20,true,QmUP68Q2ZbAFgftCZ9NFZ6Z1PuB7vvh5WdWC5HBAD3rvio,15.235.47.12,"Victoria Photos Collection"
jimpick.com,ikgrw,wkgrugwxj4,4.6.5.6.2.3.0.5.1.2.3.20,true,QmeCfGmca9dGnH5nhPehvq3MZq1L2m5J9VtEsqYxqc5832,15.235.47.12,"Photos - Highrock Cairn Park"
jimpick.com,ikgrw,2kgrue625c7q,2.4.6.5.6.6.3.2.0.5.1.2.3.20,true,QmSZQAsgTYGTXTJunEXeEg51qqqrdnfCafi3XQdv5XyVMM,15.235.47.12,"Photos - Dallas Road"
jimpick.com,ikgrw,2kgrug2zvv7q,5.6.2.3.6.2.3.3.0.5.1.2.3.20,true,QmTKxPoTCpivKPb9bVp44ZaAbmyk2d1dDJELAxekTQx6vc,15.235.47.12,"Photos - Craigflower Manor"
jimpick.com,ikgrw,2kgrugszem7q,4.1.2.2.6.2.2.3.0.5.1.2.3.20,true,QmRdyN2LRtMTb7AwTprJs6diS5eqkHMeKeLrNnnHQWJehk,15.235.47.12,"Photos - Saanich Gorge Park"
jimpick.com,ikgrw,2kgrv5deib7q,1.0.4.0.1.3.4.6.3.5.1.2.3.20,true,QmbBRVQ6ePAiRcrJDKzF3pk9xVVxtiwbwjy5ZNWeZzvKM4,15.235.47.12,"Photos - Knockan Hill Park"
jimpick.com,ikgrw,2kgrvkwfni7q,0.5.6.2.1.6.2.5.2.5.1.2.3.20,true,QmTo1A3fJ9ZsavLp4qhGiQrPz9fxyoD67gAkJntYSm8rZe,15.235.47.12,"Photos - Mount Tolmie"
jimpick.com,ikgrw,2kgrvlf2mj7q,1.1.6.4.6.5.4.5.2.5.1.2.3.20,true,QmfG8WKELiubU4rRVLAidyfpSBw8yCkkqhZHxaJaRkeV48,15.235.47.12,"Victoria Libraries Map"
jimpick.com,ikgrw,4kgrvlj3fixq,5.0.5.2.6.6.1.5.5.2.5.1.2.3.20,true,QmVGBsAxSruLx4ZcDgn2Xw7gMGPCdP92bCJTyunMRZWJaU,15.235.47.12,"Photos - Banfield Park"
jimpick.com,ikgrw,ukgrvlfnp4,2.3.5.4.5.2.5.1.2.3.20,true,QmRPBmdBhySHaUzpEkEoHTr9tdNY4r5mF3fRx7behAwxkd,15.235.47.12,"Demo - WebRTC Hex Swarm"
jimpick.com,ikgrw,wkgrvqgfj4,4.2.1.6.0.0.3.5.1.2.3.20,true,QmWHa3cU4yfdmun9nmUkDVdgkNy7wPeLF9qGjzLE5h8V48,15.235.47.12,"Demo - libp2p-browser-to-browser-playground"
jimpick.com,ikgrw,wkgrvqgfl4,5.2.1.6.0.0.3.5.1.2.3.20,true,QmcCAtp8HmYhFJXt18Tf5twUqMh7wZcyLGWHTF9vNWDTTf,15.235.47.12,"Demo - Hex.Camp Demos"
jimpick.com,ikgrw,ykgrudu3e4,3.2.6.6.4.6.1.0.5.1.2.3.20,true,QmVqPHBW4xTcnqCqAuBHL5MUsaw1bMgHpsAeB9LCAooSmL,15.235.47.12,"Photos - Albert Head Lagoon"
jimpick.com,ikgrw,ykgrug2ukm,1.5.0.5.2.3.3.0.5.1.2.3.20,true,QmeDXbYUpn3kyu9JZ1wzTRrnXy3qkidv5R1snnfqgpa5Ur,15.235.47.12,"Photos - Portage Park"
jimpick.com,ikgrw,ykgruhtnu4,3.2.3.3.3.6.3.0.5.1.2.3.20,true,QmdnXgnnFa8ZdyBnbsmUq6VqGSnBHhCjp1ej48jNKdGiqd,15.235.47.12,"Demos - WebRTC Helia Stamen"
jimpick.com,ikgrw,ykgruhtnuu,2.2.3.3.3.6.3.0.5.1.2.3.20,true,QmZHeUEKaeR5uvcYUy2HiaonSYNmRq3mJPqz6GXS6eHW4B,15.235.47.12,"Demos - WebRTC Helia Collector"
jimpick.com,gkgv6,6kgvileuk4va,2.5.4.3.5.0.5.4.4.5.0.2.5.2.3.20,true,QmcNzxrQE16gRzziiUNEwiYyFpwMwUVNbu2UDkEciQZdtx,15.235.47.12,"SEAHex.org Landing Page"
jimpick.com,gkgv6,6kgvdnw3nwza,2.6.6.6.6.6.6.6.6.6.6.0.5.2.3.20,true,QmZudTAw9jM4VhVdsKbmgs9GoMJ8sGaKmVASb5PqSGD2Qh,144.217.233.191,"Welcome to Hex.Camp HackMD - nuc"
jimpick.com,gkgv6,6kgvdnw3nwza,2.6.6.6.6.6.6.6.6.6.6.0.5.2.3.20,false,QmZudTAw9jM4VhVdsKbmgs9GoMJ8sGaKmVASb5PqSGD2Qh,66.70.132.47,"Welcome to Hex.Camp HackMD - nuc2"
jimpick.com,gkgv6,6kgvdnw3nwza,2.6.6.6.6.6.6.6.6.6.6.0.5.2.3.20,false,QmZudTAw9jM4VhVdsKbmgs9GoMJ8sGaKmVASb5PqSGD2Qh,54.39.78.179,"Welcome to Hex.Camp HackMD - ryzen9"
